Fecha,Ticker,Empresa,Score,RSI,Sentimiento,Señal,Momento
2025-12-29,AAPL,Apple Inc.,70,48.9,0.0,🟢 Comprar,Alta prioridad
2025-12-29,FER,Ferrovial SE,70,48.2,0.0,🟢 Comprar,Alta prioridad
2025-12-29,CSCO,"Cisco Systems, Inc.",70,53.6,0.0,🟢 Comprar,Alta prioridad
2025-12-29,CEG,Constellation Energy Corporatio,70,50.9,0.0,🟢 Comprar,Alta prioridad
2025-12-29,AVGO,Broadcom Inc.,70,45.2,0.0,🟢 Comprar,Alta prioridad
2025-12-29,ASML,ASML Holding N.V. - New York Re,70,50.6,0.0,🟢 Comprar,Alta prioridad
2025-12-29,AMZN,"Amazon.com, Inc.",70,54.4,0.0,🟢 Comprar,Alta prioridad
2025-12-29,APP,Applovin Corporation,70,53.4,0.0,🟢 Comprar,Alta prioridad
2025-12-29,APH,Amphenol Corporation,70,52.3,0.0,🟢 Comprar,Alta prioridad
2025-12-29,QCOM,QUALCOMM Incorporated,70,50.9,0.0,🟢 Comprar,Alta prioridad
2025-12-29,SBUX,Starbucks Corporation,70,52.9,0.0,🟢 Comprar,Alta prioridad
2025-12-29,PEP,"Pepsico, Inc.",70,44.5,0.0,🟢 Comprar,Alta prioridad
2025-12-29,TEL,TE Connectivity plc,70,49.8,0.0,🟢 Comprar,Alta prioridad
2025-12-29,TRMB,Trimble Inc.,70,47.6,0.0,🟢 Comprar,Alta prioridad
2025-12-29,TXN,Texas Instruments Incorporated,70,53.6,0.0,🟢 Comprar,Alta prioridad
2025-12-29,TSLA,"Tesla, Inc.",70,52.4,0.0,🟢 Comprar,Alta prioridad
2025-12-29,STX,Seagate Technology Holdings PLC,70,52.6,0.0,🟢 Comprar,Alta prioridad
2025-12-29,GLW,Corning Incorporated,70,54.6,0.0,🟢 Comprar,Alta prioridad
2025-12-29,IDXX,"IDEXX Laboratories, Inc.",70,43.2,0.0,🟢 Comprar,Alta prioridad
2025-12-29,IBM,International Business Machines,70,51.9,0.0,🟢 Comprar,Alta prioridad
2025-12-29,INTC,Intel Corporation,70,43.9,0.0,🟢 Comprar,Alta prioridad
2025-12-29,KDP,Keurig Dr Pepper Inc.,70,52.7,0.0,🟢 Comprar,Alta prioridad
2025-12-29,FICO,Fair Isaac Corporation,70,50.7,0.0,🟢 Comprar,Alta prioridad
2025-12-29,FANG,"Diamondback Energy, Inc.",70,46.4,0.0,🟢 Comprar,Alta prioridad
2025-12-29,MPWR,"Monolithic Power Systems, Inc.",70,46.9,0.0,🟢 Comprar,Alta prioridad
2025-12-29,ON,ON Semiconductor Corporation,70,52.4,0.0,🟢 Comprar,Alta prioridad
2025-12-29,NXPI,NXP Semiconductors N.V.,70,51.5,0.0,🟢 Comprar,Alta prioridad
2025-12-29,MRVL,"Marvell Technology, Inc.",70,46.2,0.0,🟢 Comprar,Alta prioridad
2025-12-29,PLTR,Palantir Technologies Inc.,70,52.0,0.0,🟢 Comprar,Alta prioridad
2025-12-29,INSM,Insmed Incorporated,60,39.8,0.0,🟡 Vigilar,Media prioridad
2025-12-29,ADI,"Analog Devices, Inc.",40,60.4,0.0,🔴 No comprar,Baja prioridad
2025-12-29,ADBE,Adobe Inc.,40,58.2,0.0,🔴 No comprar,Baja prioridad
2025-12-29,ACN,Accenture plc,40,61.0,0.0,🔴 No comprar,Baja prioridad
2025-12-29,MCHP,Microchip Technology Incorporat,40,56.2,0.0,🔴 No comprar,Baja prioridad
2025-12-29,MNST,Monster Beverage Corporation,40,68.0,0.0,🔴 No comprar,Baja prioridad
2025-12-29,PCAR,PACCAR Inc.,40,63.8,0.0,🔴 No comprar,Baja prioridad
2025-12-29,ODFL,"Old Dominion Freight Line, Inc.",40,66.0,0.0,🔴 No comprar,Baja prioridad
2025-12-29,AKAM,"Akamai Technologies, Inc.",40,57.0,0.0,🔴 No comprar,Baja prioridad
2025-12-29,EA,Electronic Arts Inc.,40,67.1,0.0,🔴 No comprar,Baja prioridad
2025-12-29,GEN,Gen Digital Inc.,40,57.1,0.0,🔴 No comprar,Baja prioridad
2025-12-29,FSLR,"First Solar, Inc.",40,55.3,0.0,🔴 No comprar,Baja prioridad
2025-12-29,JBL,Jabil Inc.,40,63.2,0.0,🔴 No comprar,Baja prioridad
2025-12-29,IT,"Gartner, Inc.",40,68.2,0.0,🔴 No comprar,Baja prioridad
2025-12-29,GOOGL,Alphabet Inc.,40,55.9,0.0,🔴 No comprar,Baja prioridad
2025-12-29,INTU,Intuit Inc.,40,55.2,0.0,🔴 No comprar,Baja prioridad
2025-12-29,HPE,Hewlett Packard Enterprise Comp,40,57.7,0.0,🔴 No comprar,Baja prioridad
2025-12-29,KEYS,Keysight Technologies Inc.,40,61.0,0.0,🔴 No comprar,Baja prioridad
2025-12-29,GOOG,Alphabet Inc.,40,56.0,0.0,🔴 No comprar,Baja prioridad
2025-12-29,SHOP,Shopify Inc.,40,56.8,0.0,🔴 No comprar,Baja prioridad
2025-12-29,TER,"Teradyne, Inc.",40,58.2,0.0,🔴 No comprar,Baja prioridad
2025-12-29,TEAM,Atlassian Corporation,40,57.5,0.0,🔴 No comprar,Baja prioridad
2025-12-29,SNDK,Sandisk Corporation,40,55.9,0.0,🔴 No comprar,Baja prioridad
2025-12-29,WBD,"Warner Bros. Discovery, Inc. - ",40,66.7,0.0,🔴 No comprar,Baja prioridad
2025-12-29,TTWO,"Take-Two Interactive Software, ",40,62.1,0.0,🔴 No comprar,Baja prioridad
2025-12-29,SNPS,"Synopsys, Inc.",40,62.7,0.0,🔴 No comprar,Baja prioridad
2025-12-29,ROST,"Ross Stores, Inc.",40,64.0,0.0,🔴 No comprar,Baja prioridad
2025-12-29,REGN,"Regeneron Pharmaceuticals, Inc.",40,65.6,0.0,🔴 No comprar,Baja prioridad
2025-12-29,LRCX,Lam Research Corporation,40,63.9,0.0,🔴 No comprar,Baja prioridad
2025-12-29,KLAC,KLA Corporation,40,60.3,0.0,🔴 No comprar,Baja prioridad
2025-12-29,MU,"Micron Technology, Inc.",40,67.0,0.0,🔴 No comprar,Baja prioridad
2025-12-29,EPAM,"EPAM Systems, Inc.",40,68.1,0.0,🔴 No comprar,Baja prioridad
2025-12-29,DXCM,"DexCom, Inc.",40,61.5,0.0,🔴 No comprar,Baja prioridad
2025-12-29,GILD,"Gilead Sciences, Inc.",40,56.3,0.0,🔴 No comprar,Baja prioridad
2025-12-29,GEHC,GE HealthCare Technologies Inc.,40,57.8,0.0,🔴 No comprar,Baja prioridad
2025-12-29,BKNG,Booking Holdings Inc. Common St,40,64.9,0.0,🔴 No comprar,Baja prioridad
2025-12-29,CCEP,Coca-Cola Europacific Partners ,40,56.6,0.0,🔴 No comprar,Baja prioridad
2025-12-29,AZN,Astrazeneca PLC,40,61.1,0.0,🔴 No comprar,Baja prioridad
2025-12-29,AMGN,Amgen Inc.,40,55.8,0.0,🔴 No comprar,Baja prioridad
2025-12-29,CSX,CSX Corporation,40,58.4,0.0,🔴 No comprar,Baja prioridad
2025-12-29,CMCSA,Comcast Corporation,40,60.6,0.0,🔴 No comprar,Baja prioridad
2025-12-29,CRM,"Salesforce, Inc.",40,66.8,0.0,🔴 No comprar,Baja prioridad
2025-12-29,AMAT,"Applied Materials, Inc.",40,57.9,0.0,🔴 No comprar,Baja prioridad
2025-12-29,ISRG,"Intuitive Surgical, Inc.",40,60.8,0.0,🔴 No comprar,Baja prioridad
2025-12-29,WDC,Western Digital Corporation,40,57.7,0.0,🔴 No comprar,Baja prioridad
2025-12-29,MAR,Marriott International,40,64.4,0.0,🔴 No comprar,Baja prioridad
2025-12-29,VRTX,Vertex Pharmaceuticals Incorpor,40,61.8,0.0,🔴 No comprar,Baja prioridad
2025-12-29,ADSK,"Autodesk, Inc.",30,53.9,0.0,🔴 No comprar,Baja prioridad
2025-12-29,XEL,Xcel Energy Inc.,30,40.1,0.0,🔴 No comprar,Baja prioridad
2025-12-29,AEP,American Electric Power Company,30,49.5,0.0,🔴 No comprar,Baja prioridad
2025-12-29,ADP,"Automatic Data Processing, Inc.",30,50.8,0.0,🔴 No comprar,Baja prioridad
2025-12-29,MELI,"MercadoLibre, Inc.",30,48.5,0.0,🔴 No comprar,Baja prioridad
2025-12-29,CSGP,"CoStar Group, Inc.",30,49.5,0.0,🔴 No comprar,Baja prioridad
2025-12-29,META,"Meta Platforms, Inc.",30,51.7,0.0,🔴 No comprar,Baja prioridad
2025-12-29,WDAY,"Workday, Inc.",30,47.4,0.0,🔴 No comprar,Baja prioridad
2025-12-29,TDY,Teledyne Technologies Incorpora,30,53.8,0.0,🔴 No comprar,Baja prioridad
2025-12-29,ROP,"Roper Technologies, Inc.",30,52.4,0.0,🔴 No comprar,Baja prioridad
2025-12-29,ORCL,Oracle Corporation,30,42.6,0.0,🔴 No comprar,Baja prioridad
2025-12-29,PANW,"Palo Alto Networks, Inc.",30,43.0,0.0,🔴 No comprar,Baja prioridad
2025-12-29,PTC,PTC Inc.,30,46.2,0.0,🔴 No comprar,Baja prioridad
2025-12-29,CPRT,"Copart, Inc.",30,45.5,0.0,🔴 No comprar,Baja prioridad
2025-12-29,COST,Costco Wholesale Corporation,30,44.2,0.0,🔴 No comprar,Baja prioridad
2025-12-29,AXON,"Axon Enterprise, Inc.",30,51.4,0.0,🔴 No comprar,Baja prioridad
2025-12-29,BKR,Baker Hughes Company,30,40.0,0.0,🔴 No comprar,Baja prioridad
2025-12-29,ANET,"Arista Networks, Inc.",30,54.5,0.0,🔴 No comprar,Baja prioridad
2025-12-29,CDW,CDW Corporation,30,40.8,0.0,🔴 No comprar,Baja prioridad
2025-12-29,CHTR,"Charter Communications, Inc.",30,49.1,0.0,🔴 No comprar,Baja prioridad
2025-12-29,CDNS,"Cadence Design Systems, Inc.",30,46.2,0.0,🔴 No comprar,Baja prioridad
2025-12-29,AMD,"Advanced Micro Devices, Inc.",30,46.8,0.0,🔴 No comprar,Baja prioridad
2025-12-29,HON,Honeywell International Inc.,30,54.0,0.0,🔴 No comprar,Baja prioridad
2025-12-29,DELL,Dell Technologies Inc.,30,44.2,0.0,🔴 No comprar,Baja prioridad
2025-12-29,EXC,Exelon Corporation,30,45.6,0.0,🔴 No comprar,Baja prioridad
2025-12-29,FAST,Fastenal Company,30,50.4,0.0,🔴 No comprar,Baja prioridad
2025-12-29,FFIV,"F5, Inc.",30,53.8,0.0,🔴 No comprar,Baja prioridad
2025-12-29,FTNT,"Fortinet, Inc.",30,48.3,0.0,🔴 No comprar,Baja prioridad
2025-12-29,GDDY,GoDaddy Inc.,30,49.3,0.0,🔴 No comprar,Baja prioridad
2025-12-29,NVDA,NVIDIA Corporation,30,54.3,0.0,🔴 No comprar,Baja prioridad
2025-12-29,VRSN,"VeriSign, Inc.",30,44.0,0.0,🔴 No comprar,Baja prioridad
2025-12-29,TRI,Thomson Reuters Corp,30,45.2,0.0,🔴 No comprar,Baja prioridad
2025-12-29,TMUS,"T-Mobile US, Inc.",30,50.7,0.0,🔴 No comprar,Baja prioridad
2025-12-29,TYL,"Tyler Technologies, Inc.",30,48.1,0.0,🔴 No comprar,Baja prioridad
2025-12-29,MSFT,Microsoft Corporation,30,49.7,0.0,🔴 No comprar,Baja prioridad
2025-12-29,PAYX,"Paychex, Inc.",30,50.8,0.0,🔴 No comprar,Baja prioridad
2025-12-29,PDD,PDD Holdings Inc.,30,46.3,0.0,🔴 No comprar,Baja prioridad
2025-12-29,MSI,"Motorola Solutions, Inc.",30,49.1,0.0,🔴 No comprar,Baja prioridad
2025-12-29,NTAP,"NetApp, Inc.",30,43.2,0.0,🔴 No comprar,Baja prioridad
2025-12-29,KHC,The Kraft Heinz Company,30,47.3,0.0,🔴 No comprar,Baja prioridad
2025-12-29,MDLZ,"Mondelez International, Inc.",30,46.9,0.0,🔴 No comprar,Baja prioridad
2025-12-29,ABNB,"Airbnb, Inc.",20,74.7,0.0,🔴 No comprar,Baja prioridad
2025-12-29,ALNY,"Alnylam Pharmaceuticals, Inc.",20,39.7,0.0,🔴 No comprar,Baja prioridad
2025-12-29,CTSH,Cognizant Technology Solutions ,20,78.6,0.0,🔴 No comprar,Baja prioridad
2025-12-29,CRWD,"CrowdStrike Holdings, Inc.",20,39.5,0.0,🔴 No comprar,Baja prioridad
2025-12-29,SWKS,"Skyworks Solutions, Inc.",20,37.4,0.0,🔴 No comprar,Baja prioridad
2025-12-29,ORLY,"O'Reilly Automotive, Inc.",20,36.3,0.0,🔴 No comprar,Baja prioridad
2025-12-29,PYPL,"PayPal Holdings, Inc.",20,39.1,0.0,🔴 No comprar,Baja prioridad
2025-12-29,HPQ,HP Inc.,20,37.4,0.0,🔴 No comprar,Baja prioridad
2025-12-29,DDOG,"Datadog, Inc.",20,31.9,0.0,🔴 No comprar,Baja prioridad
2025-12-29,MSTR,Strategy Inc,20,33.9,0.0,🔴 No comprar,Baja prioridad
2025-12-29,NFLX,"Netflix, Inc.",20,35.0,0.0,🔴 No comprar,Baja prioridad
2025-12-29,NOW,"ServiceNow, Inc.",20,37.9,0.0,🔴 No comprar,Baja prioridad
2025-12-29,ZBRA,Zebra Technologies Corporation,20,35.4,0.0,🔴 No comprar,Baja prioridad
2025-12-29,SMCI,"Super Micro Computer, Inc.",20,36.5,0.0,🔴 No comprar,Baja prioridad
2025-12-29,DASH,"DoorDash, Inc.",0,57.3,0.0,🔴 No comprar,Baja prioridad
2025-12-29,ARM,Arm Holdings plc,0,21.4,0.0,🔴 No comprar,Baja prioridad
2025-12-29,CTAS,Cintas Corporation,0,57.4,0.0,🔴 No comprar,Baja prioridad
2025-12-29,LIN,Linde plc,0,60.9,0.0,🔴 No comprar,Baja prioridad
2025-12-29,VRSK,"Verisk Analytics, Inc.",0,58.9,0.0,🔴 No comprar,Baja prioridad
2025-12-29,ZS,"Zscaler, Inc.",0,29.8,0.0,🔴 No comprar,Baja prioridad
2025-12-30,IBM,International Business Machines,75,53.4,0.0,🟢 Comprar,Alta prioridad
2025-12-30,PEP,"Pepsico, Inc.",70,42.0,0.0,🟢 Comprar,Alta prioridad
2025-12-30,TSLA,"Tesla, Inc.",70,50.6,0.0,🟢 Comprar,Alta prioridad
2025-12-30,CSCO,"Cisco Systems, Inc.",70,53.8,0.0,🟢 Comprar,Alta prioridad
2025-12-30,AVGO,Broadcom Inc.,65,45.6,0.0,🟡 Vigilar,Media prioridad
2025-12-30,AMGN,Amgen Inc.,65,52.9,0.0,🟡 Vigilar,Media prioridad
2025-12-30,APH,Amphenol Corporation,65,53.4,0.0,🟡 Vigilar,Media prioridad
2025-12-30,ASML,ASML Holding N.V. - New York Re,65,50.9,0.0,🟡 Vigilar,Media prioridad
2025-12-30,AAPL,Apple Inc.,65,50.0,0.0,🟡 Vigilar,Media prioridad
2025-12-30,MRVL,"Marvell Technology, Inc.",65,47.7,0.0,🟡 Vigilar,Media prioridad
2025-12-30,QCOM,QUALCOMM Incorporated,65,49.8,0.0,🟡 Vigilar,Media prioridad
2025-12-30,PLTR,Palantir Technologies Inc.,65,50.8,0.0,🟡 Vigilar,Media prioridad
2025-12-30,TEL,TE Connectivity plc,65,50.4,0.0,🟡 Vigilar,Media prioridad
2025-12-30,TRMB,Trimble Inc.,65,48.1,0.0,🟡 Vigilar,Media prioridad
2025-12-30,TXN,Texas Instruments Incorporated,65,52.5,0.0,🟡 Vigilar,Media prioridad
2025-12-30,STX,Seagate Technology Holdings PLC,65,52.0,0.0,🟡 Vigilar,Media prioridad
2025-12-30,SBUX,Starbucks Corporation,65,51.3,0.0,🟡 Vigilar,Media prioridad
2025-12-30,FICO,Fair Isaac Corporation,65,52.8,0.0,🟡 Vigilar,Media prioridad
2025-12-30,GLW,Corning Incorporated,65,54.7,0.0,🟡 Vigilar,Media prioridad
2025-12-30,IDXX,"IDEXX Laboratories, Inc.",65,43.8,0.0,🟡 Vigilar,Media prioridad
2025-12-30,INTC,Intel Corporation,65,45.6,0.0,🟡 Vigilar,Media prioridad
2025-12-30,FANG,"Diamondback Energy, Inc.",65,46.8,0.0,🟡 Vigilar,Media prioridad
2025-12-30,FSLR,"First Solar, Inc.",65,53.7,0.0,🟡 Vigilar,Media prioridad
2025-12-30,CEG,Constellation Energy Corporatio,65,49.7,0.0,🟡 Vigilar,Media prioridad
2025-12-30,AMZN,"Amazon.com, Inc.",65,54.5,0.0,🟡 Vigilar,Media prioridad
2025-12-30,MPWR,"Monolithic Power Systems, Inc.",65,46.0,0.0,🟡 Vigilar,Media prioridad
2025-12-30,ON,ON Semiconductor Corporation,65,52.3,0.0,🟡 Vigilar,Media prioridad
2025-12-30,FER,Ferrovial SE,65,47.7,0.0,🟡 Vigilar,Media prioridad
2025-12-30,NXPI,NXP Semiconductors N.V.,65,51.2,0.0,🟡 Vigilar,Media prioridad
2025-12-30,KDP,Keurig Dr Pepper Inc.,65,50.2,0.0,🟡 Vigilar,Media prioridad
2025-12-30,INSM,Insmed Incorporated,55,39.3,0.0,🟡 Vigilar,Media prioridad
2025-12-30,APP,Applovin Corporation,40,56.3,0.0,🔴 No comprar,Baja prioridad
2025-12-30,GEN,Gen Digital Inc.,40,55.3,0.0,🔴 No comprar,Baja prioridad
2025-12-30,MU,"Micron Technology, Inc.",40,69.4,0.0,🔴 No comprar,Baja prioridad
2025-12-30,LRCX,Lam Research Corporation,35,62.5,0.0,🔴 No comprar,Baja prioridad
2025-12-30,PCAR,PACCAR Inc.,35,63.6,0.0,🔴 No comprar,Baja prioridad
2025-12-30,ODFL,"Old Dominion Freight Line, Inc.",35,65.7,0.0,🔴 No comprar,Baja prioridad
2025-12-30,AKAM,"Akamai Technologies, Inc.",35,55.7,0.0,🔴 No comprar,Baja prioridad
2025-12-30,ADI,"Analog Devices, Inc.",35,59.9,0.0,🔴 No comprar,Baja prioridad
2025-12-30,ADBE,Adobe Inc.,35,59.0,0.0,🔴 No comprar,Baja prioridad
2025-12-30,ACN,Accenture plc,35,60.1,0.0,🔴 No comprar,Baja prioridad
2025-12-30,MCHP,Microchip Technology Incorporat,35,56.0,0.0,🔴 No comprar,Baja prioridad
2025-12-30,IT,"Gartner, Inc.",35,68.4,0.0,🔴 No comprar,Baja prioridad
2025-12-30,JBL,Jabil Inc.,35,63.7,0.0,🔴 No comprar,Baja prioridad
2025-12-30,INTU,Intuit Inc.,35,55.5,0.0,🔴 No comprar,Baja prioridad
2025-12-30,HPE,Hewlett Packard Enterprise Comp,35,57.7,0.0,🔴 No comprar,Baja prioridad
2025-12-30,KEYS,Keysight Technologies Inc.,35,61.7,0.0,🔴 No comprar,Baja prioridad
2025-12-30,GOOG,Alphabet Inc.,35,57.6,0.0,🔴 No comprar,Baja prioridad
2025-12-30,SHOP,Shopify Inc.,35,56.6,0.0,🔴 No comprar,Baja prioridad
2025-12-30,TER,"Teradyne, Inc.",35,59.0,0.0,🔴 No comprar,Baja prioridad
2025-12-30,TEAM,Atlassian Corporation,35,57.9,0.0,🔴 No comprar,Baja prioridad
2025-12-30,SNDK,Sandisk Corporation,35,57.6,0.0,🔴 No comprar,Baja prioridad
2025-12-30,WBD,"Warner Bros. Discovery, Inc. - ",35,65.7,0.0,🔴 No comprar,Baja prioridad
2025-12-30,TTWO,"Take-Two Interactive Software, ",35,63.8,0.0,🔴 No comprar,Baja prioridad
2025-12-30,SNPS,"Synopsys, Inc.",35,63.1,0.0,🔴 No comprar,Baja prioridad
2025-12-30,ROST,"Ross Stores, Inc.",35,62.7,0.0,🔴 No comprar,Baja prioridad
2025-12-30,REGN,"Regeneron Pharmaceuticals, Inc.",35,65.3,0.0,🔴 No comprar,Baja prioridad
2025-12-30,KLAC,KLA Corporation,35,58.4,0.0,🔴 No comprar,Baja prioridad
2025-12-30,MNST,Monster Beverage Corporation,35,67.0,0.0,🔴 No comprar,Baja prioridad
2025-12-30,GOOGL,Alphabet Inc.,35,57.8,0.0,🔴 No comprar,Baja prioridad
2025-12-30,EA,Electronic Arts Inc.,35,63.7,0.0,🔴 No comprar,Baja prioridad
2025-12-30,GEHC,GE HealthCare Technologies Inc.,35,56.4,0.0,🔴 No comprar,Baja prioridad
2025-12-30,DXCM,"DexCom, Inc.",35,59.2,0.0,🔴 No comprar,Baja prioridad
2025-12-30,EPAM,"EPAM Systems, Inc.",35,68.7,0.0,🔴 No comprar,Baja prioridad
2025-12-30,GILD,"Gilead Sciences, Inc.",35,57.0,0.0,🔴 No comprar,Baja prioridad
2025-12-30,CCEP,Coca-Cola Europacific Partners ,35,55.4,0.0,🔴 No comprar,Baja prioridad
2025-12-30,AZN,Astrazeneca PLC,35,59.9,0.0,🔴 No comprar,Baja prioridad
2025-12-30,AMAT,"Applied Materials, Inc.",35,58.6,0.0,🔴 No comprar,Baja prioridad
2025-12-30,CSX,CSX Corporation,35,59.1,0.0,🔴 No comprar,Baja prioridad
2025-12-30,CMCSA,Comcast Corporation,35,62.5,0.0,🔴 No comprar,Baja prioridad
2025-12-30,CRM,"Salesforce, Inc.",35,65.8,0.0,🔴 No comprar,Baja prioridad
2025-12-30,BKNG,Booking Holdings Inc. Common St,35,64.8,0.0,🔴 No comprar,Baja prioridad
2025-12-30,ISRG,"Intuitive Surgical, Inc.",35,59.1,0.0,🔴 No comprar,Baja prioridad
2025-12-30,WDC,Western Digital Corporation,35,58.9,0.0,🔴 No comprar,Baja prioridad
2025-12-30,MAR,Marriott International,35,65.6,0.0,🔴 No comprar,Baja prioridad
2025-12-30,VRTX,Vertex Pharmaceuticals Incorpor,35,60.5,0.0,🔴 No comprar,Baja prioridad
2025-12-30,FTNT,"Fortinet, Inc.",30,46.6,0.0,🔴 No comprar,Baja prioridad
2025-12-30,BKR,Baker Hughes Company,30,40.0,0.0,🔴 No comprar,Baja prioridad
2025-12-30,KHC,The Kraft Heinz Company,30,46.0,0.0,🔴 No comprar,Baja prioridad
2025-12-30,CHTR,"Charter Communications, Inc.",30,50.0,0.0,🔴 No comprar,Baja prioridad
2025-12-30,TMUS,"T-Mobile US, Inc.",30,50.5,0.0,🔴 No comprar,Baja prioridad
2025-12-30,CSGP,"CoStar Group, Inc.",30,50.9,0.0,🔴 No comprar,Baja prioridad
2025-12-30,AEP,American Electric Power Company,25,45.5,0.0,🔴 No comprar,Baja prioridad
2025-12-30,ADP,"Automatic Data Processing, Inc.",25,50.2,0.0,🔴 No comprar,Baja prioridad
2025-12-30,ADSK,"Autodesk, Inc.",25,52.6,0.0,🔴 No comprar,Baja prioridad
2025-12-30,XEL,Xcel Energy Inc.,25,41.4,0.0,🔴 No comprar,Baja prioridad
2025-12-30,ROP,"Roper Technologies, Inc.",25,51.9,0.0,🔴 No comprar,Baja prioridad
2025-12-30,META,"Meta Platforms, Inc.",25,52.2,0.0,🔴 No comprar,Baja prioridad
2025-12-30,WDAY,"Workday, Inc.",25,47.7,0.0,🔴 No comprar,Baja prioridad
2025-12-30,AMD,"Advanced Micro Devices, Inc.",25,49.1,0.0,🔴 No comprar,Baja prioridad
2025-12-30,CPRT,"Copart, Inc.",25,48.2,0.0,🔴 No comprar,Baja prioridad
2025-12-30,CDNS,"Cadence Design Systems, Inc.",25,45.9,0.0,🔴 No comprar,Baja prioridad
2025-12-30,AXON,"Axon Enterprise, Inc.",25,51.5,0.0,🔴 No comprar,Baja prioridad
2025-12-30,COST,Costco Wholesale Corporation,25,42.3,0.0,🔴 No comprar,Baja prioridad
2025-12-30,TYL,"Tyler Technologies, Inc.",25,48.0,0.0,🔴 No comprar,Baja prioridad
2025-12-30,PANW,"Palo Alto Networks, Inc.",25,41.8,0.0,🔴 No comprar,Baja prioridad
2025-12-30,PTC,PTC Inc.,25,45.3,0.0,🔴 No comprar,Baja prioridad
2025-12-30,NTAP,"NetApp, Inc.",25,40.7,0.0,🔴 No comprar,Baja prioridad
2025-12-30,ORCL,Oracle Corporation,25,42.5,0.0,🔴 No comprar,Baja prioridad
2025-12-30,FFIV,"F5, Inc.",25,54.3,0.0,🔴 No comprar,Baja prioridad
2025-12-30,HON,Honeywell International Inc.,25,54.3,0.0,🔴 No comprar,Baja prioridad
2025-12-30,FAST,Fastenal Company,25,47.4,0.0,🔴 No comprar,Baja prioridad
2025-12-30,EXC,Exelon Corporation,25,41.9,0.0,🔴 No comprar,Baja prioridad
2025-12-30,GDDY,GoDaddy Inc.,25,46.7,0.0,🔴 No comprar,Baja prioridad
2025-12-30,DELL,Dell Technologies Inc.,25,43.2,0.0,🔴 No comprar,Baja prioridad
2025-12-30,MDLZ,"Mondelez International, Inc.",25,47.8,0.0,🔴 No comprar,Baja prioridad
2025-12-30,VRSN,"VeriSign, Inc.",25,46.6,0.0,🔴 No comprar,Baja prioridad
2025-12-30,TRI,Thomson Reuters Corp,25,45.4,0.0,🔴 No comprar,Baja prioridad
2025-12-30,TDY,Teledyne Technologies Incorpora,25,52.2,0.0,🔴 No comprar,Baja prioridad
2025-12-30,MSI,"Motorola Solutions, Inc.",25,50.3,0.0,🔴 No comprar,Baja prioridad
2025-12-30,MSFT,Microsoft Corporation,25,49.7,0.0,🔴 No comprar,Baja prioridad
2025-12-30,PAYX,"Paychex, Inc.",25,49.7,0.0,🔴 No comprar,Baja prioridad
2025-12-30,PDD,PDD Holdings Inc.,25,46.6,0.0,🔴 No comprar,Baja prioridad
2025-12-30,MELI,"MercadoLibre, Inc.",25,47.8,0.0,🔴 No comprar,Baja prioridad
2025-12-30,PYPL,"PayPal Holdings, Inc.",20,39.2,0.0,🔴 No comprar,Baja prioridad
2025-12-30,ZBRA,Zebra Technologies Corporation,20,37.0,0.0,🔴 No comprar,Baja prioridad
2025-12-30,HPQ,HP Inc.,20,35.3,0.0,🔴 No comprar,Baja prioridad
2025-12-30,SMCI,"Super Micro Computer, Inc.",20,33.7,0.0,🔴 No comprar,Baja prioridad
2025-12-30,ABNB,"Airbnb, Inc.",15,74.3,0.0,🔴 No comprar,Baja prioridad
2025-12-30,ALNY,"Alnylam Pharmaceuticals, Inc.",15,38.2,0.0,🔴 No comprar,Baja prioridad
2025-12-30,CRWD,"CrowdStrike Holdings, Inc.",15,38.1,0.0,🔴 No comprar,Baja prioridad
2025-12-30,MSTR,Strategy Inc,15,32.5,0.0,🔴 No comprar,Baja prioridad
2025-12-30,SWKS,"Skyworks Solutions, Inc.",15,37.1,0.0,🔴 No comprar,Baja prioridad
2025-12-30,NOW,"ServiceNow, Inc.",15,37.7,0.0,🔴 No comprar,Baja prioridad
2025-12-30,ORLY,"O'Reilly Automotive, Inc.",15,34.9,0.0,🔴 No comprar,Baja prioridad
2025-12-30,CTSH,Cognizant Technology Solutions ,15,75.5,0.0,🔴 No comprar,Baja prioridad
2025-12-30,DDOG,"Datadog, Inc.",15,31.8,0.0,🔴 No comprar,Baja prioridad
2025-12-30,CDW,CDW Corporation,15,37.5,0.0,🔴 No comprar,Baja prioridad
2025-12-30,NFLX,"Netflix, Inc.",15,35.3,0.0,🔴 No comprar,Baja prioridad
2025-12-30,ARM,Arm Holdings plc,0,22.0,0.0,🔴 No comprar,Baja prioridad
2025-12-30,ANET,"Arista Networks, Inc.",0,56.1,0.0,🔴 No comprar,Baja prioridad
2025-12-30,CTAS,Cintas Corporation,0,57.9,0.0,🔴 No comprar,Baja prioridad
2025-12-30,DASH,"DoorDash, Inc.",0,55.2,0.0,🔴 No comprar,Baja prioridad
2025-12-30,NVDA,NVIDIA Corporation,0,55.7,0.0,🔴 No comprar,Baja prioridad
2025-12-30,LIN,Linde plc,0,60.8,0.0,🔴 No comprar,Baja prioridad
2025-12-30,VRSK,"Verisk Analytics, Inc.",0,58.7,0.0,🔴 No comprar,Baja prioridad
2025-12-30,ZS,"Zscaler, Inc.",0,29.1,0.0,🔴 No comprar,Baja prioridad
2026-01-13,IT,"Gartner, Inc.",75,48.1,0.0,🟢 Comprar,Alta prioridad
2026-01-13,GLW,Corning Incorporated,73,50.9,0.0,🟢 Comprar,Alta prioridad
2026-01-13,TRMB,Trimble Inc.,68,52.6,0.0,🟡 Vigilar,Media prioridad
2026-01-13,HPE,Hewlett Packard Enterprise Comp,60,35.3,0.0,🟡 Vigilar,Media prioridad
2026-01-13,KEYS,Keysight Technologies Inc.,35,57.5,0.0,🔴 No comprar,Baja prioridad
2026-01-13,IBM,International Business Machines,35,60.2,0.0,🔴 No comprar,Baja prioridad
2026-01-13,JBL,Jabil Inc.,35,55.2,0.0,🔴 No comprar,Baja prioridad
2026-01-13,TER,TER,35,67.2,0.0,🔴 No comprar,Baja prioridad
2026-01-13,TEL,TEL,35,55.9,0.0,🔴 No comprar,Baja prioridad
2026-01-13,ON,ON,35,57.5,0.0,🔴 No comprar,Baja prioridad
2026-01-13,TYL,TYL,25,42.4,0.0,🔴 No comprar,Baja prioridad
2026-01-13,NTAP,NTAP,25,43.7,0.0,🔴 No comprar,Baja prioridad
2026-01-13,ORCL,ORCL,25,53.7,0.0,🔴 No comprar,Baja prioridad
2026-01-13,PTC,PTC,25,40.1,0.0,🔴 No comprar,Baja prioridad
2026-01-13,GEN,GEN,20,47.7,0.0,🔴 No comprar,Baja prioridad
2026-01-13,SWKS,SWKS,20,31.0,0.0,🔴 No comprar,Baja prioridad
2026-01-13,SNDK,SNDK,20,77.6,0.0,🔴 No comprar,Baja prioridad
2026-01-13,TDY,TDY,20,70.0,0.0,🔴 No comprar,Baja prioridad
2026-01-13,SMCI,SMCI,15,39.9,0.0,🔴 No comprar,Baja prioridad
2026-01-13,HPQ,HPQ,15,32.2,0.0,🔴 No comprar,Baja prioridad
2026-01-13,ZBRA,ZBRA,5,58.7,0.0,🔴 No comprar,Baja prioridad
2026-01-13,GDDY,GDDY,0,21.8,0.0,🔴 No comprar,Baja prioridad
2026-01-13,MSI,MSI,0,58.5,0.0,🔴 No comprar,Baja prioridad
2026-01-13,NOW,NOW,0,30.0,0.0,🔴 No comprar,Baja prioridad
2026-01-13,VRSN,VRSN,0,55.0,0.0,🔴 No comprar,Baja prioridad
2026-01-13,REGN,"Regeneron Pharmaceuticals, Inc.",80,51.9,0.0,🟢 Comprar,Alta prioridad
2026-01-13,QCOM,QUALCOMM Incorporated,80,42.1,0.0,🟢 Comprar,Alta prioridad
2026-01-13,ISRG,"Intuitive Surgical, Inc.",75,51.5,0.0,🟢 Comprar,Alta prioridad
2026-01-13,KDP,Keurig Dr Pepper Inc.,75,48.9,0.0,🟢 Comprar,Alta prioridad
2026-01-13,NVDA,NVIDIA Corporation,75,49.8,0.0,🟢 Comprar,Alta prioridad
2026-01-13,PLTR,Palantir Technologies Inc.,75,48.9,0.0,🟢 Comprar,Alta prioridad
2026-01-13,GILD,"Gilead Sciences, Inc.",75,50.9,0.0,🟢 Comprar,Alta prioridad
2026-01-13,TTWO,"Take-Two Interactive Software, ",75,47.9,0.0,🟢 Comprar,Alta prioridad
2026-01-13,SHOP,Shopify Inc.,75,54.6,0.0,🟢 Comprar,Alta prioridad
2026-01-13,VRTX,Vertex Pharmaceuticals Incorpor,75,53.6,0.0,🟢 Comprar,Alta prioridad
2026-01-13,TSLA,"Tesla, Inc.",73,49.3,0.0,🟢 Comprar,Alta prioridad
2026-01-13,MPWR,"Monolithic Power Systems, Inc.",70,54.2,0.0,🟢 Comprar,Alta prioridad
2026-01-13,AZN,Astrazeneca PLC,50,57.6,0.0,🔴 No comprar,Baja prioridad
2026-01-13,HON,Honeywell International Inc.,50,66.8,0.0,🔴 No comprar,Baja prioridad
2026-01-13,KLAC,KLA Corporation,45,68.0,0.0,🔴 No comprar,Baja prioridad
2026-01-13,MCHP,Microchip Technology Incorporat,45,67.1,0.0,🔴 No comprar,Baja prioridad
2026-01-13,MNST,Monster Beverage Corporation,45,63.2,0.0,🔴 No comprar,Baja prioridad
2026-01-13,WDC,Western Digital Corporation,45,63.5,0.0,🔴 No comprar,Baja prioridad
2026-01-13,MAR,Marriott International,45,63.6,0.0,🔴 No comprar,Baja prioridad
2026-01-13,GEHC,GE HealthCare Technologies Inc.,40,62.0,0.0,🔴 No comprar,Baja prioridad
2026-01-13,INTC,Intel Corporation,40,65.0,0.0,🔴 No comprar,Baja prioridad
2026-01-13,WBD,"Warner Bros. Discovery, Inc. - ",40,57.3,0.0,🔴 No comprar,Baja prioridad
2026-01-13,PDD,PDD Holdings Inc.,35,53.6,0.0,🔴 No comprar,Baja prioridad
2026-01-13,XEL,Xcel Energy Inc.,35,44.9,0.0,🔴 No comprar,Baja prioridad
2026-01-13,TXN,Texas Instruments Incorporated,35,63.6,0.0,🔴 No comprar,Baja prioridad
2026-01-13,TRI,Thomson Reuters Corp,35,40.9,0.0,🔴 No comprar,Baja prioridad
2026-01-13,MSTR,Strategy Inc,35,44.3,0.0,🔴 No comprar,Baja prioridad
2026-01-13,MDLZ,"Mondelez International, Inc.",35,54.0,0.0,🔴 No comprar,Baja prioridad
2026-01-13,NXPI,NXP Semiconductors N.V.,35,61.3,0.0,🔴 No comprar,Baja prioridad
2026-01-13,SBUX,Starbucks Corporation,35,60.6,0.0,🔴 No comprar,Baja prioridad
2026-01-13,IDXX,"IDEXX Laboratories, Inc.",35,62.4,0.0,🔴 No comprar,Baja prioridad
2026-01-13,MSFT,MSFT,35,43.6,0.0,🔴 No comprar,Baja prioridad
2026-01-13,META,META,35,43.9,0.0,🔴 No comprar,Baja prioridad
2026-01-13,PANW,PANW,30,49.0,0.0,🔴 No comprar,Baja prioridad
2026-01-13,STX,STX,30,60.5,0.0,🔴 No comprar,Baja prioridad
2026-01-13,PAYX,PAYX,30,48.7,0.0,🔴 No comprar,Baja prioridad
2026-01-13,FER,FER,30,58.7,0.0,🔴 No comprar,Baja prioridad
2026-01-13,PEP,PEP,30,43.0,0.0,🔴 No comprar,Baja prioridad
2026-01-13,ALNY,ALNY,30,32.8,0.0,🔴 No comprar,Baja prioridad
2026-01-13,LIN,LIN,25,70.7,0.0,🔴 No comprar,Baja prioridad
2026-01-13,ZS,ZS,25,31.0,0.0,🔴 No comprar,Baja prioridad
2026-01-13,INTU,INTU,25,40.6,0.0,🔴 No comprar,Baja prioridad
2026-01-13,TMUS,TMUS,25,42.4,0.0,🔴 No comprar,Baja prioridad
2026-01-13,ARM,ARM,25,31.4,0.0,🔴 No comprar,Baja prioridad
2026-01-13,CCEP,CCEP,25,42.3,0.0,🔴 No comprar,Baja prioridad
2026-01-13,GOOG,GOOG,20,70.9,0.0,🔴 No comprar,Baja prioridad
2026-01-13,MRVL,MRVL,20,42.9,0.0,🔴 No comprar,Baja prioridad
2026-01-13,PYPL,PYPL,20,34.2,0.0,🔴 No comprar,Baja prioridad
2026-01-13,TEAM,TEAM,15,35.7,0.0,🔴 No comprar,Baja prioridad
2026-01-13,SNPS,SNPS,15,75.4,0.0,🔴 No comprar,Baja prioridad
2026-01-13,PCAR,PCAR,15,70.0,0.0,🔴 No comprar,Baja prioridad
2026-01-13,LRCX,LRCX,15,77.4,0.0,🔴 No comprar,Baja prioridad
2026-01-13,KHC,KHC,15,38.5,0.0,🔴 No comprar,Baja prioridad
2026-01-13,ASML,ASML,15,72.3,0.0,🔴 No comprar,Baja prioridad
2026-01-13,GOOGL,GOOGL,15,71.2,0.0,🔴 No comprar,Baja prioridad
2026-01-13,ROST,ROST,15,78.3,0.0,🔴 No comprar,Baja prioridad
2026-01-13,ODFL,ODFL,15,73.4,0.0,🔴 No comprar,Baja prioridad
2026-01-13,INSM,INSM,15,36.7,0.0,🔴 No comprar,Baja prioridad
2026-01-13,WDAY,WDAY,10,38.4,0.0,🔴 No comprar,Baja prioridad
2026-01-13,MU,MU,10,71.9,0.0,🔴 No comprar,Baja prioridad
2026-01-13,ROP,ROP,10,36.1,0.0,🔴 No comprar,Baja prioridad
2026-01-13,ORLY,ORLY,5,59.4,0.0,🔴 No comprar,Baja prioridad
2026-01-13,MELI,MELI,0,58.8,0.0,🔴 No comprar,Baja prioridad
2026-01-13,NFLX,NFLX,0,27.2,0.0,🔴 No comprar,Baja prioridad
2026-01-13,VRSK,VRSK,0,57.8,0.0,🔴 No comprar,Baja prioridad
2026-01-13,APP,Applovin Corporation,80,50.2,0.0,🟢 Comprar,Alta prioridad
2026-01-13,BKR,Baker Hughes Company,75,51.8,0.0,🟢 Comprar,Alta prioridad
2026-01-13,AON,Aon plc,75,49.3,0.0,🟢 Comprar,Alta prioridad
2026-01-13,AMGN,Amgen Inc.,75,47.9,0.0,🟢 Comprar,Alta prioridad
2026-01-13,AES,The AES Corporation,75,47.8,0.0,🟢 Comprar,Alta prioridad
2026-01-13,BLK,"BlackRock, Inc.",75,52.6,0.0,🟢 Comprar,Alta prioridad
2026-01-13,BAC,Bank of America Corporation,75,50.6,0.0,🟢 Comprar,Alta prioridad
2026-01-13,ALL,Allstate Corporation (The),75,52.0,0.0,🟢 Comprar,Alta prioridad
2026-01-13,FIS,Fidelity National Information S,75,49.0,0.0,🟢 Comprar,Alta prioridad
2026-01-13,FANG,"Diamondback Energy, Inc.",75,47.9,0.0,🟢 Comprar,Alta prioridad
2026-01-13,EQR,Equity Residential,75,44.1,0.0,🟢 Comprar,Alta prioridad
2026-01-13,CTRA,Coterra Energy Inc.,75,41.5,0.0,🟢 Comprar,Alta prioridad
2026-01-13,COP,ConocoPhillips,75,53.0,0.0,🟢 Comprar,Alta prioridad
2026-01-13,COF,Capital One Financial Corporati,75,42.4,0.0,🟢 Comprar,Alta prioridad
2026-01-13,CAH,"Cardinal Health, Inc.",70,49.6,0.0,🟢 Comprar,Alta prioridad
2026-01-13,COR,"Cencora, Inc.",70,50.0,0.0,🟢 Comprar,Alta prioridad
2026-01-13,BX,Blackstone Inc.,70,53.8,0.0,🟢 Comprar,Alta prioridad
2026-01-13,APO,"Apollo Global Management, Inc. ",70,49.6,0.0,🟢 Comprar,Alta prioridad
2026-01-13,ABBV,AbbVie Inc.,70,42.7,0.0,🟢 Comprar,Alta prioridad
2026-01-13,ACGL,Arch Capital Group Ltd.,70,44.5,0.0,🟢 Comprar,Alta prioridad
2026-01-13,AVB,"AvalonBay Communities, Inc.",70,47.2,0.0,🟢 Comprar,Alta prioridad
2026-01-13,CRM,"Salesforce, Inc.",70,52.1,0.0,🟢 Comprar,Alta prioridad
2026-01-13,CINF,Cincinnati Financial Corporatio,70,49.9,0.0,🟢 Comprar,Alta prioridad
2026-01-13,CI,The Cigna Group,70,49.4,0.0,🟢 Comprar,Alta prioridad
2026-01-13,CPT,Camden Property Trust,70,50.0,0.0,🟢 Comprar,Alta prioridad
2026-01-13,DIS,Walt Disney Company (The),70,52.5,0.0,🟢 Comprar,Alta prioridad
2026-01-13,EG,"Everest Group, Ltd.",70,47.5,0.0,🟢 Comprar,Alta prioridad
2026-01-13,EW,Edwards Lifesciences Corporatio,70,41.5,0.0,🟢 Comprar,Alta prioridad
2026-01-13,DECK,Deckers Outdoor Corporation,70,50.9,0.0,🟢 Comprar,Alta prioridad
2026-01-13,DVN,Devon Energy Corporation,70,48.0,0.0,🟢 Comprar,Alta prioridad
2026-01-13,ED,"Consolidated Edison, Inc.",70,49.4,0.0,🟢 Comprar,Alta prioridad
2026-01-13,AFL,AFLAC Incorporated,65,43.2,0.0,🟡 Vigilar,Media prioridad
2026-01-13,APA,APA Corporation,65,51.7,0.0,🟡 Vigilar,Media prioridad
2026-01-13,AXP,American Express Company,65,39.7,0.0,🟡 Vigilar,Media prioridad
2026-01-13,CSX,CSX Corporation,65,38.8,0.0,🟡 Vigilar,Media prioridad
2026-01-13,CB,Chubb Limited,65,49.5,0.0,🟡 Vigilar,Media prioridad
2026-01-13,FSLR,"First Solar, Inc.",55,38.4,0.0,🟡 Vigilar,Media prioridad
2026-01-13,CSCO,"Cisco Systems, Inc.",55,36.5,0.0,🟡 Vigilar,Media prioridad
2026-01-13,DXCM,"DexCom, Inc.",50,64.4,0.0,🔴 No comprar,Baja prioridad
2026-01-13,EA,Electronic Arts Inc.,50,59.6,0.0,🔴 No comprar,Baja prioridad
2026-01-13,AKAM,"Akamai Technologies, Inc.",50,61.1,0.0,🔴 No comprar,Baja prioridad
2026-01-13,DHR,Danaher Corporation,45,67.7,0.0,🔴 No comprar,Baja prioridad
2026-01-13,CTSH,Cognizant Technology Solutions ,45,62.7,0.0,🔴 No comprar,Baja prioridad
2026-01-13,DAL,"Delta Air Lines, Inc.",45,57.8,0.0,🔴 No comprar,Baja prioridad
2026-01-13,COO,"The Cooper Companies, Inc.",45,59.7,0.0,🔴 No comprar,Baja prioridad
2026-01-13,CVS,CVS Health Corporation,45,56.1,0.0,🔴 No comprar,Baja prioridad
2026-01-13,C,"Citigroup, Inc.",45,55.7,0.0,🔴 No comprar,Baja prioridad
2026-01-13,CBOE,"Cboe Global Markets, Inc.",45,64.6,0.0,🔴 No comprar,Baja prioridad
2026-01-13,CMCSA,Comcast Corporation,45,66.4,0.0,🔴 No comprar,Baja prioridad
2026-01-13,ABNB,"Airbnb, Inc.",45,66.1,0.0,🔴 No comprar,Baja prioridad
2026-01-13,AIG,AIG,45,27.5,0.0,🔴 No comprar,Baja prioridad
2026-01-13,ADI,ADI,45,66.1,0.0,🔴 No comprar,Baja prioridad
2026-01-13,APTV,APTV,45,68.3,0.0,🔴 No comprar,Baja prioridad
2026-01-13,ACN,ACN,45,63.6,0.0,🔴 No comprar,Baja prioridad
2026-01-13,BKNG,BKNG,45,55.1,0.0,🔴 No comprar,Baja prioridad
2026-01-13,EPAM,EPAM,45,57.2,0.0,🔴 No comprar,Baja prioridad
2026-01-13,EL,EL,45,65.7,0.0,🔴 No comprar,Baja prioridad
2026-01-13,ANET,ANET,40,40.1,0.0,🔴 No comprar,Baja prioridad
2026-01-13,BMY,BMY,40,67.6,0.0,🔴 No comprar,Baja prioridad
2026-01-13,BK,BK,40,64.1,0.0,🔴 No comprar,Baja prioridad
2026-01-13,ADM,ADM,40,63.6,0.0,🔴 No comprar,Baja prioridad
2026-01-13,APH,APH,40,63.2,0.0,🔴 No comprar,Baja prioridad
2026-01-13,AMCR,AMCR,40,59.0,0.0,🔴 No comprar,Baja prioridad
2026-01-13,AME,AME,40,59.2,0.0,🔴 No comprar,Baja prioridad
2026-01-13,APD,APD,40,69.2,0.0,🔴 No comprar,Baja prioridad
2026-01-13,CPAY,CPAY,40,69.6,0.0,🔴 No comprar,Baja prioridad
2026-01-13,EME,EME,40,59.7,0.0,🔴 No comprar,Baja prioridad
2026-01-13,EMR,EMR,40,65.6,0.0,🔴 No comprar,Baja prioridad
2026-01-13,AOS,AOS,40,65.2,0.0,🔴 No comprar,Baja prioridad
2026-01-13,AMP,AMP,40,64.2,0.0,🔴 No comprar,Baja prioridad
2026-01-13,CFG,CFG,40,59.8,0.0,🔴 No comprar,Baja prioridad
2026-01-13,CBRE,CBRE,40,62.0,0.0,🔴 No comprar,Baja prioridad
2026-01-13,CL,CL,40,63.1,0.0,🔴 No comprar,Baja prioridad
2026-01-13,DE,DE,40,58.4,0.0,🔴 No comprar,Baja prioridad
2026-01-13,DD,DD,40,68.3,0.0,🔴 No comprar,Baja prioridad
2026-01-13,CVX,CVX,40,64.5,0.0,🔴 No comprar,Baja prioridad
2026-01-13,DAY,DAY,40,62.5,0.0,🔴 No comprar,Baja prioridad
2026-01-13,CTVA,CTVA,40,57.0,0.0,🔴 No comprar,Baja prioridad
2026-01-13,FITB,FITB,40,59.3,0.0,🔴 No comprar,Baja prioridad
2026-01-13,FOXA,FOXA,40,59.1,0.0,🔴 No comprar,Baja prioridad
2026-01-13,DOV,DOV,40,63.8,0.0,🔴 No comprar,Baja prioridad
2026-01-13,EXPE,EXPE,40,59.4,0.0,🔴 No comprar,Baja prioridad
2026-01-13,FOX,FOX,40,66.1,0.0,🔴 No comprar,Baja prioridad
2026-01-13,EXR,EXR,40,69.1,0.0,🔴 No comprar,Baja prioridad
2026-01-13,F,F,40,61.5,0.0,🔴 No comprar,Baja prioridad
2026-01-13,FDS,FDS,35,60.1,0.0,🔴 No comprar,Baja prioridad
2026-01-13,ECL,ECL,35,59.5,0.0,🔴 No comprar,Baja prioridad
2026-01-13,FAST,FAST,35,52.6,0.0,🔴 No comprar,Baja prioridad
2026-01-13,FRT,FRT,35,60.5,0.0,🔴 No comprar,Baja prioridad
2026-01-13,EIX,EIX,35,56.8,0.0,🔴 No comprar,Baja prioridad
2026-01-13,CRWD,CRWD,35,42.4,0.0,🔴 No comprar,Baja prioridad
2026-01-13,FIX,FIX,35,59.5,0.0,🔴 No comprar,Baja prioridad
2026-01-13,FTV,FTV,35,55.6,0.0,🔴 No comprar,Baja prioridad
2026-01-13,DASH,DASH,35,40.9,0.0,🔴 No comprar,Baja prioridad
2026-01-13,CAT,CAT,35,64.0,0.0,🔴 No comprar,Baja prioridad
2026-01-13,AZO,AZO,35,53.8,0.0,🔴 No comprar,Baja prioridad
2026-01-13,ARES,ARES,35,58.9,0.0,🔴 No comprar,Baja prioridad
2026-01-13,AMZN,AMZN,35,67.5,0.0,🔴 No comprar,Baja prioridad
2026-01-13,AIZ,AIZ,35,58.0,0.0,🔴 No comprar,Baja prioridad
2026-01-13,BDX,BDX,35,60.8,0.0,🔴 No comprar,Baja prioridad
2026-01-13,AVY,AVY,35,66.3,0.0,🔴 No comprar,Baja prioridad
2026-01-13,AMD,AMD,35,43.8,0.0,🔴 No comprar,Baja prioridad
2026-01-13,AEP,AEP,35,52.0,0.0,🔴 No comprar,Baja prioridad
2026-01-13,AAPL,AAPL,35,30.0,0.0,🔴 No comprar,Baja prioridad
2026-01-13,BIIB,BIIB,35,64.0,0.0,🔴 No comprar,Baja prioridad
2026-01-13,A,A,35,61.6,0.0,🔴 No comprar,Baja prioridad
2026-01-13,ELV,ELV,35,69.9,0.0,🔴 No comprar,Baja prioridad
2026-01-13,CCL,CCL,35,61.7,0.0,🔴 No comprar,Baja prioridad
2026-01-13,CME,CME,35,41.7,0.0,🔴 No comprar,Baja prioridad
2026-01-13,CRH,CRH,35,61.2,0.0,🔴 No comprar,Baja prioridad
2026-01-13,CF,CF,35,54.5,0.0,🔴 No comprar,Baja prioridad
2026-01-13,D,D,35,47.0,0.0,🔴 No comprar,Baja prioridad
2026-01-13,CVNA,CVNA,35,62.3,0.0,🔴 No comprar,Baja prioridad
2026-01-13,DUK,DUK,30,45.3,0.0,🔴 No comprar,Baja prioridad
2026-01-13,EOG,EOG,30,49.2,0.0,🔴 No comprar,Baja prioridad
2026-01-13,ERIE,ERIE,30,47.2,0.0,🔴 No comprar,Baja prioridad
2026-01-13,EVRG,EVRG,30,49.5,0.0,🔴 No comprar,Baja prioridad
2026-01-13,DDOG,DDOG,30,30.6,0.0,🔴 No comprar,Baja prioridad
2026-01-13,AMT,AMT,30,43.0,0.0,🔴 No comprar,Baja prioridad
2026-01-13,ATO,ATO,30,46.4,0.0,🔴 No comprar,Baja prioridad
2026-01-13,AWK,AWK,30,50.2,0.0,🔴 No comprar,Baja prioridad
2026-01-13,BR,BR,30,45.2,0.0,🔴 No comprar,Baja prioridad
2026-01-13,BSX,BSX,30,46.4,0.0,🔴 No comprar,Baja prioridad
2026-01-13,ADP,ADP,30,54.2,0.0,🔴 No comprar,Baja prioridad
2026-01-13,ALLE,ALLE,30,49.1,0.0,🔴 No comprar,Baja prioridad
2026-01-13,BRO,BRO,30,47.5,0.0,🔴 No comprar,Baja prioridad
2026-01-13,ABT,ABT,30,45.5,0.0,🔴 No comprar,Baja prioridad
2026-01-13,FISV,FISV,30,47.5,0.0,🔴 No comprar,Baja prioridad
2026-01-13,ESS,ESS,30,42.6,0.0,🔴 No comprar,Baja prioridad
2026-01-13,EFX,EFX,30,54.4,0.0,🔴 No comprar,Baja prioridad
2026-01-13,DPZ,DPZ,30,48.6,0.0,🔴 No comprar,Baja prioridad
2026-01-13,DOC,DOC,30,53.8,0.0,🔴 No comprar,Baja prioridad
2026-01-13,DLR,DLR,30,53.8,0.0,🔴 No comprar,Baja prioridad
2026-01-13,CMS,CMS,30,44.4,0.0,🔴 No comprar,Baja prioridad
2026-01-13,BXP,BXP,30,42.6,0.0,🔴 No comprar,Baja prioridad
2026-01-13,CNP,CNP,30,44.3,0.0,🔴 No comprar,Baja prioridad
2026-01-13,CAG,CAG,30,42.5,0.0,🔴 No comprar,Baja prioridad
2026-01-13,AEE,AEE,25,50.6,0.0,🔴 No comprar,Baja prioridad
2026-01-13,CPB,CPB,25,35.1,0.0,🔴 No comprar,Baja prioridad
2026-01-13,CEG,CEG,25,43.0,0.0,🔴 No comprar,Baja prioridad
2026-01-13,COIN,COIN,25,44.3,0.0,🔴 No comprar,Baja prioridad
2026-01-13,FE,FE,25,46.8,0.0,🔴 No comprar,Baja prioridad
2026-01-13,ETN,ETN,25,49.6,0.0,🔴 No comprar,Baja prioridad
2026-01-13,DGX,DGX,25,45.0,0.0,🔴 No comprar,Baja prioridad
2026-01-13,DTE,DTE,25,50.5,0.0,🔴 No comprar,Baja prioridad
2026-01-13,FICO,FICO,25,41.2,0.0,🔴 No comprar,Baja prioridad
2026-01-13,EQT,EQT,25,39.4,0.0,🔴 No comprar,Baja prioridad
2026-01-13,ETR,ETR,25,52.0,0.0,🔴 No comprar,Baja prioridad
2026-01-13,BG,BG,20,71.7,0.0,🔴 No comprar,Baja prioridad
2026-01-13,CCI,CCI,20,37.9,0.0,🔴 No comprar,Baja prioridad
2026-01-13,EXPD,EXPD,20,74.5,0.0,🔴 No comprar,Baja prioridad
2026-01-13,FCX,FCX,20,76.9,0.0,🔴 No comprar,Baja prioridad
2026-01-13,FTNT,FTNT,20,43.7,0.0,🔴 No comprar,Baja prioridad
2026-01-13,DRI,DRI,20,77.2,0.0,🔴 No comprar,Baja prioridad
2026-01-13,EBAY,EBAY,20,71.8,0.0,🔴 No comprar,Baja prioridad
2026-01-13,DLTR,DLTR,20,71.5,0.0,🔴 No comprar,Baja prioridad
2026-01-13,EXE,EXE,20,36.1,0.0,🔴 No comprar,Baja prioridad
2026-01-13,CNC,CNC,20,76.3,0.0,🔴 No comprar,Baja prioridad
2026-01-13,DG,DG,20,74.4,0.0,🔴 No comprar,Baja prioridad
2026-01-13,ALB,ALB,20,77.3,0.0,🔴 No comprar,Baja prioridad
2026-01-13,ALGN,ALGN,20,71.9,0.0,🔴 No comprar,Baja prioridad
2026-01-13,AVGO,AVGO,20,50.2,0.0,🔴 No comprar,Baja prioridad
2026-01-13,BBY,BBY,20,39.8,0.0,🔴 No comprar,Baja prioridad
2026-01-13,CMI,CMI,20,72.9,0.0,🔴 No comprar,Baja prioridad
2026-01-13,CDW,CDW,20,37.5,0.0,🔴 No comprar,Baja prioridad
2026-01-13,CHTR,CHTR,20,45.9,0.0,🔴 No comprar,Baja prioridad
2026-01-13,CRL,CRL,20,73.8,0.0,🔴 No comprar,Baja prioridad
2026-01-13,EXC,EXC,15,39.3,0.0,🔴 No comprar,Baja prioridad
2026-01-13,FDX,FDX,15,78.9,0.0,🔴 No comprar,Baja prioridad
2026-01-13,BEN,BEN,15,77.5,0.0,🔴 No comprar,Baja prioridad
2026-01-13,AMAT,AMAT,15,71.3,0.0,🔴 No comprar,Baja prioridad
2026-01-13,BALL,BALL,15,72.4,0.0,🔴 No comprar,Baja prioridad
2026-01-13,ADBE,ADBE,15,37.0,0.0,🔴 No comprar,Baja prioridad
2026-01-13,ADSK,ADSK,15,32.6,0.0,🔴 No comprar,Baja prioridad
2026-01-13,DVA,DVA,15,33.3,0.0,🔴 No comprar,Baja prioridad
2026-01-13,DOW,DOW,15,70.3,0.0,🔴 No comprar,Baja prioridad
2026-01-13,CHRW,CHRW,15,71.1,0.0,🔴 No comprar,Baja prioridad
2026-01-13,DELL,DELL,15,37.7,0.0,🔴 No comprar,Baja prioridad
2026-01-13,CMG,CMG,15,77.2,0.0,🔴 No comprar,Baja prioridad
2026-01-13,BAX,BAX,5,56.5,0.0,🔴 No comprar,Baja prioridad
2026-01-13,ES,ES,5,56.8,0.0,🔴 No comprar,Baja prioridad
2026-01-13,DHI,DHI,5,63.0,0.0,🔴 No comprar,Baja prioridad
2026-01-13,CHD,CHD,5,57.7,0.0,🔴 No comprar,Baja prioridad
2026-01-13,BLDR,BLDR,5,69.3,0.0,🔴 No comprar,Baja prioridad
2026-01-13,EQIX,EQIX,5,56.7,0.0,🔴 No comprar,Baja prioridad
2026-01-13,CARR,CARR,5,57.3,0.0,🔴 No comprar,Baja prioridad
2026-01-13,CSGP,CSGP,5,29.9,0.0,🔴 No comprar,Baja prioridad
2026-01-13,AJG,AJG,0,60.1,0.0,🔴 No comprar,Baja prioridad
2026-01-13,ARE,ARE,0,67.5,0.0,🔴 No comprar,Baja prioridad
2026-01-13,CPRT,CPRT,0,55.3,0.0,🔴 No comprar,Baja prioridad
2026-01-13,CLX,CLX,0,65.3,0.0,🔴 No comprar,Baja prioridad
2026-01-13,CDNS,CDNS,0,55.7,0.0,🔴 No comprar,Baja prioridad
2026-01-13,COST,COST,0,70.5,0.0,🔴 No comprar,Baja prioridad
2026-01-13,CTAS,CTAS,0,60.7,0.0,🔴 No comprar,Baja prioridad
2026-01-13,FFIV,FFIV,0,62.5,0.0,🔴 No comprar,Baja prioridad
2026-01-13,NOC,Northrop Grumman Corporation,45,66.7,0.0,🔴 No comprar,Baja prioridad
2026-01-13,TXT,Textron Inc.,45,67.1,0.0,🔴 No comprar,Baja prioridad
2026-01-13,GE,GE Aerospace,40,61.4,0.0,🔴 No comprar,Baja prioridad
2026-01-13,GD,General Dynamics Corporation,40,62.8,0.0,🔴 No comprar,Baja prioridad
2026-01-13,HWM,Howmet Aerospace Inc.,40,66.7,0.0,🔴 No comprar,Baja prioridad
2026-01-13,RTX,RTX Corporation,40,69.8,0.0,🔴 No comprar,Baja prioridad
2026-01-13,TDG,Transdigm Group Incorporated,35,66.2,0.0,🔴 No comprar,Baja prioridad
2026-01-13,LHX,"L3Harris Technologies, Inc.",25,79.3,0.0,🔴 No comprar,Baja prioridad
2026-01-13,LMT,Lockheed Martin Corporation,25,73.3,0.0,🔴 No comprar,Baja prioridad
2026-01-13,BA,Boeing Company (The),20,79.2,0.0,🔴 No comprar,Baja prioridad
2026-01-13,HII,"Huntington Ingalls Industries, ",20,76.2,0.0,🔴 No comprar,Baja prioridad
2026-01-13,AXON,"Axon Enterprise, Inc.",0,64.3,0.0,🔴 No comprar,Baja prioridad
